<?xml version="1.0" encoding="utf-8"?>
<!--/1807757/966771/2.49/5/3/Connector/-->
<quadcept_library>
  <setting unit="mil" />
  <textstyle name="Default" height="47.244094488189" strokewidth="7.8740157480315" charwidth="47.244094488189" />
  <textstyle name="Dimension" height="19.6850393700787" strokewidth="0" charwidth="19.6850393700787" />
  <textstyle name="H127W0635TH00762" height="50" strokewidth="3" charwidth="25" />
  <textstyle name="H15W15TH02" height="59.0551181102362" strokewidth="7.8740157480315" charwidth="59.0551181102362" />
  <padstyle name="r533_165" surface="True" plated="False" isvia="False" nopaste="False" nomask="True" complex="False" holesize="0">
    <padshape layer="TOP" shape="rectangle" width="64.960629921259" height="209.84251968504" />
    <padshape layer="TOP_SOLDER_MASK" shape="rectangle" width="72.83464566929" height="217.71653543307" />
    <padshape layer="TOP_SOLDER_PASTE" shape="rectangle" width="64.960629921259" height="209.84251968504" />
  </padstyle>
  <padstyle name="c188_h376" surface="False" plated="True" isvia="False" nopaste="True" nomask="True" complex="False" holesize="148.03149606299">
    <padshape layer="TOP" shape="round" width="74.015748031495" height="74.015748031495" />
    <padshape layer="TOP_SOLDER_MASK" shape="round" width="81.889763779527" height="81.889763779527" />
    <padshape layer="INNER" shape="round" width="74.015748031495" height="74.015748031495" />
    <padshape layer="BOTTOM" shape="round" width="74.015748031495" height="74.015748031495" />
    <padshape layer="BOTTOM_SOLDER_MASK" shape="round" width="81.889763779527" height="81.889763779527" />
  </padstyle>
  <footprint name="15917050" originx="0" originy="0" pickpointx="0" pickpointy="0">
    <pcbpin number="1" name="1" style="r533_165" originx="200" originy="295.07874015748" rotation="0" />
    <pcbpin number="2" name="2" style="r533_165" originx="99.999999999999" originy="295.07874015748" rotation="0" />
    <pcbpin number="3" name="3" style="r533_165" originx="0" originy="295.07874015748" rotation="0" />
    <pcbpin number="4" name="4" style="r533_165" originx="-99.999999999999" originy="295.07874015748" rotation="0" />
    <pcbpin number="5" name="5" style="r533_165" originx="-200" originy="295.07874015748" rotation="0" />
    <pcbpin number="6" name="MH1" style="c188_h376" originx="255.11811023622" originy="-125.7874015748" rotation="90" />
    <pcbpin number="7" name="MH2" style="c188_h376" originx="-255.11811023622" originy="-125.7874015748" rotation="90" />
    <line layer="TOP_ASSEMBLY" originx="-325.7874015748" originy="240.35433070866" endx="325.7874015748" endy="240.35433070866" width="3.9370078740157" />
    <line layer="TOP_ASSEMBLY" originx="325.7874015748" originy="240.35433070866" endx="325.7874015748" endy="-295.07874015748" width="3.9370078740157" />
    <line layer="TOP_ASSEMBLY" originx="325.7874015748" originy="-295.07874015748" endx="-325.7874015748" endy="-295.07874015748" width="3.9370078740157" />
    <line layer="TOP_ASSEMBLY" originx="-325.7874015748" originy="-295.07874015748" endx="-325.7874015748" endy="240.35433070866" width="3.9370078740157" />
    <line layer="TOP_PLACE_BOUND" originx="-368.50393700787" originy="439.37007874015" endx="368.50393700787" endy="439.37007874015" width="3.9370078740157" />
    <line layer="TOP_PLACE_BOUND" originx="368.50393700787" originy="439.37007874015" endx="368.50393700787" endy="-334.44881889763" width="3.9370078740157" />
    <line layer="TOP_PLACE_BOUND" originx="368.50393700787" originy="-334.44881889763" endx="-368.50393700787" endy="-334.44881889763" width="3.9370078740157" />
    <line layer="TOP_PLACE_BOUND" originx="-368.50393700787" originy="-334.44881889763" endx="-368.50393700787" endy="439.37007874015" width="3.9370078740157" />
    <line layer="TOP_SILKSCREEN" originx="-325.7874015748" originy="-188.97637795275" endx="-325.7874015748" endy="-295.07874015748" width="7.8740157480314" />
    <line layer="TOP_SILKSCREEN" originx="-325.7874015748" originy="-295.07874015748" endx="325.7874015748" endy="-295.07874015748" width="7.8740157480314" />
    <line layer="TOP_SILKSCREEN" originx="325.7874015748" originy="-295.07874015748" endx="325.7874015748" endy="-188.97637795275" width="7.8740157480314" />
    <line layer="TOP_SILKSCREEN" originx="-325.7874015748" originy="-70.866141732283" endx="-325.7874015748" endy="240.35433070866" width="7.8740157480314" />
    <line layer="TOP_SILKSCREEN" originx="-325.7874015748" originy="240.35433070866" endx="-248.03149606299" endy="240.35433070866" width="7.8740157480314" />
    <line layer="TOP_SILKSCREEN" originx="248.03149606299" originy="240.35433070866" endx="325.7874015748" endy="240.35433070866" width="7.8740157480314" />
    <line layer="TOP_SILKSCREEN" originx="325.7874015748" originy="240.35433070866" endx="325.7874015748" endy="-59.055118110235" width="7.8740157480314" />
    <line layer="TOP_SILKSCREEN" originx="325.7874015748" originy="-59.055118110235" endx="325.7874015748" endy="-70.866141732283" width="7.8740157480314" />
    <line layer="TOP_SILKSCREEN" originx="200" originy="417.32283464566" endx="200" endy="417.32283464566" width="3.9370078740157" />
    <arc layer="TOP_SILKSCREEN" originx="200" originy="419.29133858267" startangle="-90.0" sweepangle="180.0" radius="1.9685039370078" width="3.9370078740157" />
    <line layer="TOP_SILKSCREEN" originx="200" originy="421.25984251968" endx="200" endy="421.25984251968" width="3.9370078740157" />
    <arc layer="TOP_SILKSCREEN" originx="200" originy="419.29133858267" startangle="90.0" sweepangle="180.0" radius="1.9685039370078" width="3.9370078740157" />
  </footprint>
  <symbol name="15-91-7050" originx="0" originy="0">
    <line originx="200" originy="100" endx="600" endy="100" width="0" />
    <line originx="600" originy="-500" endx="600" endy="100" width="0" />
    <line originx="600" originy="-500" endx="200" endy="-500" width="0" />
    <line originx="200" originy="100" endx="200" endy="-500" width="0" />
    <sympin number="1" originx="200" originy="-400" rotation="180" length="100" width="7.8740157480315" flipped="False">
      <text name="pinname" originx="230" originy="-400" style="Default" rotation="0" justify="left" flipped="False" hidden="False" data="1" />
      <text name="pindes" originx="140" originy="-380" style="Default" rotation="0" justify="lowerright" flipped="False" hidden="False" data="1" />
    </sympin>
    <sympin number="2" originx="200" originy="-300" rotation="180" length="100" width="7.8740157480315" flipped="False">
      <text name="pinname" originx="230" originy="-300" style="Default" rotation="0" justify="left" flipped="False" hidden="False" data="2" />
      <text name="pindes" originx="140" originy="-280" style="Default" rotation="0" justify="lowerright" flipped="False" hidden="False" data="2" />
    </sympin>
    <sympin number="3" originx="200" originy="-200" rotation="180" length="100" width="7.8740157480315" flipped="False">
      <text name="pinname" originx="230" originy="-200" style="Default" rotation="0" justify="left" flipped="False" hidden="False" data="3" />
      <text name="pindes" originx="140" originy="-180" style="Default" rotation="0" justify="lowerright" flipped="False" hidden="False" data="3" />
    </sympin>
    <sympin number="4" originx="200" originy="-100" rotation="180" length="100" width="7.8740157480315" flipped="False">
      <text name="pinname" originx="230" originy="-100" style="Default" rotation="0" justify="left" flipped="False" hidden="False" data="4" />
      <text name="pindes" originx="140" originy="-80" style="Default" rotation="0" justify="lowerright" flipped="False" hidden="False" data="4" />
    </sympin>
    <sympin number="5" originx="200" originy="0" rotation="180" length="100" width="7.8740157480315" flipped="False">
      <text name="pinname" originx="230" originy="0" style="Default" rotation="0" justify="left" flipped="False" hidden="False" data="5" />
      <text name="pindes" originx="140" originy="20" style="Default" rotation="0" justify="lowerright" flipped="False" hidden="False" data="5" />
    </sympin>
  </symbol>
  <component name="15-91-7050" designatorprefix="J" height="290.55118110236" footprint="15917050">
    <comppin designator="1" sympin="1" pinswap="0" gateswap="0" gate="1" group="1" side="" type="Any" name="1" />
    <comppin designator="2" sympin="2" pinswap="0" gateswap="0" gate="1" group="1" side="" type="Any" name="2" />
    <comppin designator="3" sympin="3" pinswap="0" gateswap="0" gate="1" group="1" side="" type="Any" name="3" />
    <comppin designator="4" sympin="4" pinswap="0" gateswap="0" gate="1" group="1" side="" type="Any" name="4" />
    <comppin designator="5" sympin="5" pinswap="0" gateswap="0" gate="1" group="1" side="" type="Any" name="5" />
    <attached_symbol gate="1" name="15-91-7050" />
    <pinmap designator="1" footprintpin="1" />
    <pinmap designator="2" footprintpin="2" />
    <pinmap designator="3" footprintpin="3" />
    <pinmap designator="4" footprintpin="4" />
    <pinmap designator="5" footprintpin="5" />
    <text name="Datasheet" originx="0" originy="0" style="Default" rotation="0" justify="" flipped="False" hidden="True" data="https://www.mouser.com/datasheet/2/276/3/0015917050_PCB_HEADERS-2855507.pdf" />
    <text name="Description" originx="0" originy="0" style="Default" rotation="0" justify="" flipped="False" hidden="True" data="2.54mm Pitch SL Wire-to-Board Header, Low Profile, Surface Mount, Single Row, Right-Angle, 3.05mm Pocket, Shrouded, with Press-fit Plastic Peg,  Circuits, Tin (Sn) Plating, Embossed Tape Packaging" />
    <text name="Manufacturer_Name" originx="0" originy="0" style="Default" rotation="0" justify="" flipped="False" hidden="True" data="Molex" />
    <text name="Manufacturer_Part_Number" originx="650" originy="200" style="Default" rotation="0" justify="left" flipped="False" hidden="False" data="15-91-7050" />
    <text name="Mouser Part Number" originx="0" originy="0" style="Default" rotation="0" justify="" flipped="False" hidden="True" data="538-15-91-7050" />
    <text name="Mouser Price/Stock" originx="0" originy="0" style="Default" rotation="0" justify="" flipped="False" hidden="True" data="https://www.mouser.co.uk/ProductDetail/Molex/15-91-7050?qs=9GkFbIK8PKA0zLwr%2FmKOQQ%3D%3D" />
    <text name="Arrow Part Number" originx="0" originy="0" style="Default" rotation="0" justify="" flipped="False" hidden="True" data="" />
    <text name="Arrow Price/Stock" originx="0" originy="0" style="Default" rotation="0" justify="" flipped="False" hidden="True" data="" />
    <text name="Mouser Testing Part Number" originx="0" originy="0" style="Default" rotation="0" justify="" flipped="False" hidden="True" data="" />
    <text name="Mouser Testing Price/Stock" originx="0" originy="0" style="Default" rotation="0" justify="" flipped="False" hidden="True" data="" />
  </component>
</quadcept_library>
