<?xml version="1.0" encoding="utf-8"?>
<!--/542662/966771/2.49/10/4/Connector/-->
<quadcept_library>
  <setting unit="mil" />
  <textstyle name="Default" height="47.244094488189" strokewidth="7.8740157480315" charwidth="47.244094488189" />
  <textstyle name="Dimension" height="19.6850393700787" strokewidth="0" charwidth="19.6850393700787" />
  <textstyle name="H127W0635TH00762" height="50" strokewidth="3" charwidth="25" />
  <textstyle name="H15W15TH02" height="59.0551181102362" strokewidth="7.8740157480315" charwidth="59.0551181102362" />
  <padstyle name="r170_74" surface="True" plated="False" isvia="False" nopaste="False" nomask="True" complex="False" holesize="0">
    <padshape layer="TOP" shape="rectangle" width="29.133858267716" height="66.929133858267" />
    <padshape layer="TOP_SOLDER_MASK" shape="rectangle" width="37.007874015748" height="74.803149606298" />
    <padshape layer="TOP_SOLDER_PASTE" shape="rectangle" width="29.133858267716" height="66.929133858267" />
  </padstyle>
  <padstyle name="c35_h70" surface="False" plated="True" isvia="False" nopaste="True" nomask="True" complex="False" holesize="27.55905511811">
    <padshape layer="TOP" shape="round" width="13.779527559055" height="13.779527559055" />
    <padshape layer="TOP_SOLDER_MASK" shape="round" width="21.653543307086" height="21.653543307086" />
    <padshape layer="INNER" shape="round" width="13.779527559055" height="13.779527559055" />
    <padshape layer="BOTTOM" shape="round" width="13.779527559055" height="13.779527559055" />
    <padshape layer="BOTTOM_SOLDER_MASK" shape="round" width="21.653543307086" height="21.653543307086" />
  </padstyle>
  <padstyle name="c50_h100" surface="False" plated="True" isvia="False" nopaste="True" nomask="True" complex="False" holesize="39.370078740157">
    <padshape layer="TOP" shape="round" width="19.685039370078" height="19.685039370078" />
    <padshape layer="TOP_SOLDER_MASK" shape="round" width="27.55905511811" height="27.55905511811" />
    <padshape layer="INNER" shape="round" width="19.685039370078" height="19.685039370078" />
    <padshape layer="BOTTOM" shape="round" width="19.685039370078" height="19.685039370078" />
    <padshape layer="BOTTOM_SOLDER_MASK" shape="round" width="27.55905511811" height="27.55905511811" />
  </padstyle>
  <padstyle name="c75_h150" surface="False" plated="True" isvia="False" nopaste="True" nomask="True" complex="False" holesize="59.055118110235">
    <padshape layer="TOP" shape="round" width="29.527559055118" height="29.527559055118" />
    <padshape layer="TOP_SOLDER_MASK" shape="round" width="37.401574803149" height="37.401574803149" />
    <padshape layer="INNER" shape="round" width="29.527559055118" height="29.527559055118" />
    <padshape layer="BOTTOM" shape="round" width="29.527559055118" height="29.527559055118" />
    <padshape layer="BOTTOM_SOLDER_MASK" shape="round" width="37.401574803149" height="37.401574803149" />
  </padstyle>
  <footprint name="M503110542" originx="0" originy="0" pickpointx="0" pickpointy="0">
    <pcbpin number="1" name="1" style="r170_74" originx="-99.999999999999" originy="-80.708661417322" rotation="0" />
    <pcbpin number="2" name="2" style="r170_74" originx="-99.999999999999" originy="80.708661417322" rotation="0" />
    <pcbpin number="3" name="3" style="r170_74" originx="-49.999999999999" originy="-80.708661417322" rotation="0" />
    <pcbpin number="4" name="4" style="r170_74" originx="-49.999999999999" originy="80.708661417322" rotation="0" />
    <pcbpin number="5" name="5" style="r170_74" originx="0" originy="-80.708661417322" rotation="0" />
    <pcbpin number="6" name="6" style="r170_74" originx="0" originy="80.708661417322" rotation="0" />
    <pcbpin number="7" name="7" style="r170_74" originx="49.999999999999" originy="-80.708661417322" rotation="0" />
    <pcbpin number="8" name="8" style="r170_74" originx="49.999999999999" originy="80.708661417322" rotation="0" />
    <pcbpin number="9" name="9" style="r170_74" originx="99.999999999999" originy="-80.708661417322" rotation="0" />
    <pcbpin number="10" name="10" style="r170_74" originx="99.999999999999" originy="80.708661417322" rotation="0" />
    <pcbpin number="11" name="11" style="c35_h70" originx="99.999999999999" originy="25" rotation="90" />
    <pcbpin number="12" name="12" style="c35_h70" originx="99.999999999999" originy="-25" rotation="90" />
    <pcbpin number="13" name="13" style="c35_h70" originx="49.999999999999" originy="-25" rotation="90" />
    <pcbpin number="14" name="14" style="c35_h70" originx="49.999999999999" originy="25" rotation="90" />
    <pcbpin number="15" name="15" style="c35_h70" originx="0" originy="-25" rotation="90" />
    <pcbpin number="16" name="16" style="c35_h70" originx="0" originy="25" rotation="90" />
    <pcbpin number="17" name="17" style="c35_h70" originx="-49.999999999999" originy="-25" rotation="90" />
    <pcbpin number="18" name="18" style="c35_h70" originx="-49.999999999999" originy="25" rotation="90" />
    <pcbpin number="19" name="19" style="c35_h70" originx="-99.999999999999" originy="-25" rotation="90" />
    <pcbpin number="20" name="20" style="c35_h70" originx="-99.999999999999" originy="25" rotation="90" />
    <pcbpin number="21" name="MH1" style="c50_h100" originx="-162.20472440945" originy="0" rotation="90" />
    <pcbpin number="22" name="MH2" style="c75_h150" originx="162.20472440945" originy="0" rotation="90" />
    <line layer="TOP_ASSEMBLY" originx="-186.02362204724" originy="61.023622047243" endx="186.02362204724" endy="61.023622047243" width="7.8740157480314" />
    <line layer="TOP_ASSEMBLY" originx="186.02362204724" originy="61.023622047243" endx="186.02362204724" endy="-61.023622047243" width="7.8740157480314" />
    <line layer="TOP_ASSEMBLY" originx="186.02362204724" originy="-61.023622047243" endx="-186.02362204724" endy="-61.023622047243" width="7.8740157480314" />
    <line layer="TOP_ASSEMBLY" originx="-186.02362204724" originy="-61.023622047243" endx="-186.02362204724" endy="61.023622047243" width="7.8740157480314" />
    <line layer="TOP_PLACE_BOUND" originx="-225.3937007874" originy="153.54330708661" endx="231.10236220472" endy="153.54330708661" width="3.9370078740157" />
    <line layer="TOP_PLACE_BOUND" originx="231.10236220472" originy="153.54330708661" endx="231.10236220472" endy="-153.54330708661" width="3.9370078740157" />
    <line layer="TOP_PLACE_BOUND" originx="231.10236220472" originy="-153.54330708661" endx="-225.3937007874" endy="-153.54330708661" width="3.9370078740157" />
    <line layer="TOP_PLACE_BOUND" originx="-225.3937007874" originy="-153.54330708661" endx="-225.3937007874" endy="153.54330708661" width="3.9370078740157" />
    <line layer="TOP_SILKSCREEN" originx="-186.02362204724" originy="-23.622047244094" endx="-186.02362204724" endy="-61.023622047243" width="3.9370078740157" />
    <line layer="TOP_SILKSCREEN" originx="-186.02362204724" originy="-61.023622047243" endx="-125.9842519685" endy="-61.023622047243" width="3.9370078740157" />
    <line layer="TOP_SILKSCREEN" originx="-186.02362204724" originy="23.622047244094" endx="-186.02362204724" endy="61.023622047243" width="3.9370078740157" />
    <line layer="TOP_SILKSCREEN" originx="-186.02362204724" originy="61.023622047243" endx="-125.9842519685" endy="61.023622047243" width="3.9370078740157" />
    <line layer="TOP_SILKSCREEN" originx="125.9842519685" originy="61.023622047243" endx="186.02362204724" endy="61.023622047243" width="3.9370078740157" />
    <line layer="TOP_SILKSCREEN" originx="186.02362204724" originy="61.023622047243" endx="186.02362204724" endy="31.496062992126" width="3.9370078740157" />
    <line layer="TOP_SILKSCREEN" originx="125.9842519685" originy="-61.023622047243" endx="186.02362204724" endy="-61.023622047243" width="3.9370078740157" />
    <line layer="TOP_SILKSCREEN" originx="186.02362204724" originy="-61.023622047243" endx="186.02362204724" endy="-25" width="3.9370078740157" />
  </footprint>
  <symbol name="M50-3110542" originx="0" originy="0">
    <line originx="200" originy="100" endx="700" endy="100" width="0" />
    <line originx="700" originy="-500" endx="700" endy="100" width="0" />
    <line originx="700" originy="-500" endx="200" endy="-500" width="0" />
    <line originx="200" originy="100" endx="200" endy="-500" width="0" />
    <sympin number="1" originx="200" originy="0" rotation="180" length="100" width="7.8740157480315" flipped="False">
      <text name="pinname" originx="230" originy="0" style="Default" rotation="0" justify="left" flipped="False" hidden="False" data="1" />
      <text name="pindes" originx="140" originy="20" style="Default" rotation="0" justify="lowerright" flipped="False" hidden="False" data="1" />
    </sympin>
    <sympin number="2" originx="700" originy="0" rotation="0" length="100" width="7.8740157480315" flipped="False">
      <text name="pinname" originx="670" originy="0" style="Default" rotation="0" justify="right" flipped="False" hidden="False" data="2" />
      <text name="pindes" originx="760" originy="20" style="Default" rotation="0" justify="lowerleft" flipped="False" hidden="False" data="2" />
    </sympin>
    <sympin number="3" originx="200" originy="-100" rotation="180" length="100" width="7.8740157480315" flipped="False">
      <text name="pinname" originx="230" originy="-100" style="Default" rotation="0" justify="left" flipped="False" hidden="False" data="3" />
      <text name="pindes" originx="140" originy="-80" style="Default" rotation="0" justify="lowerright" flipped="False" hidden="False" data="3" />
    </sympin>
    <sympin number="4" originx="700" originy="-100" rotation="0" length="100" width="7.8740157480315" flipped="False">
      <text name="pinname" originx="670" originy="-100" style="Default" rotation="0" justify="right" flipped="False" hidden="False" data="4" />
      <text name="pindes" originx="760" originy="-80" style="Default" rotation="0" justify="lowerleft" flipped="False" hidden="False" data="4" />
    </sympin>
    <sympin number="5" originx="200" originy="-200" rotation="180" length="100" width="7.8740157480315" flipped="False">
      <text name="pinname" originx="230" originy="-200" style="Default" rotation="0" justify="left" flipped="False" hidden="False" data="5" />
      <text name="pindes" originx="140" originy="-180" style="Default" rotation="0" justify="lowerright" flipped="False" hidden="False" data="5" />
    </sympin>
    <sympin number="6" originx="700" originy="-200" rotation="0" length="100" width="7.8740157480315" flipped="False">
      <text name="pinname" originx="670" originy="-200" style="Default" rotation="0" justify="right" flipped="False" hidden="False" data="6" />
      <text name="pindes" originx="760" originy="-180" style="Default" rotation="0" justify="lowerleft" flipped="False" hidden="False" data="6" />
    </sympin>
    <sympin number="7" originx="200" originy="-300" rotation="180" length="100" width="7.8740157480315" flipped="False">
      <text name="pinname" originx="230" originy="-300" style="Default" rotation="0" justify="left" flipped="False" hidden="False" data="7" />
      <text name="pindes" originx="140" originy="-280" style="Default" rotation="0" justify="lowerright" flipped="False" hidden="False" data="7" />
    </sympin>
    <sympin number="8" originx="700" originy="-300" rotation="0" length="100" width="7.8740157480315" flipped="False">
      <text name="pinname" originx="670" originy="-300" style="Default" rotation="0" justify="right" flipped="False" hidden="False" data="8" />
      <text name="pindes" originx="760" originy="-280" style="Default" rotation="0" justify="lowerleft" flipped="False" hidden="False" data="8" />
    </sympin>
    <sympin number="9" originx="200" originy="-400" rotation="180" length="100" width="7.8740157480315" flipped="False">
      <text name="pinname" originx="230" originy="-400" style="Default" rotation="0" justify="left" flipped="False" hidden="False" data="9" />
      <text name="pindes" originx="140" originy="-380" style="Default" rotation="0" justify="lowerright" flipped="False" hidden="False" data="9" />
    </sympin>
    <sympin number="10" originx="700" originy="-400" rotation="0" length="100" width="7.8740157480315" flipped="False">
      <text name="pinname" originx="670" originy="-400" style="Default" rotation="0" justify="right" flipped="False" hidden="False" data="10" />
      <text name="pindes" originx="760" originy="-380" style="Default" rotation="0" justify="lowerleft" flipped="False" hidden="False" data="10" />
    </sympin>
  </symbol>
  <component name="M50-3110542" designatorprefix="J" height="190.94488188976" footprint="M503110542">
    <comppin designator="1" sympin="1" pinswap="0" gateswap="0" gate="1" group="1" side="" type="Any" name="1" />
    <comppin designator="2" sympin="2" pinswap="0" gateswap="0" gate="1" group="1" side="" type="Any" name="2" />
    <comppin designator="3" sympin="3" pinswap="0" gateswap="0" gate="1" group="1" side="" type="Any" name="3" />
    <comppin designator="4" sympin="4" pinswap="0" gateswap="0" gate="1" group="1" side="" type="Any" name="4" />
    <comppin designator="5" sympin="5" pinswap="0" gateswap="0" gate="1" group="1" side="" type="Any" name="5" />
    <comppin designator="6" sympin="6" pinswap="0" gateswap="0" gate="1" group="1" side="" type="Any" name="6" />
    <comppin designator="7" sympin="7" pinswap="0" gateswap="0" gate="1" group="1" side="" type="Any" name="7" />
    <comppin designator="8" sympin="8" pinswap="0" gateswap="0" gate="1" group="1" side="" type="Any" name="8" />
    <comppin designator="9" sympin="9" pinswap="0" gateswap="0" gate="1" group="1" side="" type="Any" name="9" />
    <comppin designator="10" sympin="10" pinswap="0" gateswap="0" gate="1" group="1" side="" type="Any" name="10" />
    <attached_symbol gate="1" name="M50-3110542" />
    <pinmap designator="1" footprintpin="1" />
    <pinmap designator="2" footprintpin="2" />
    <pinmap designator="3" footprintpin="3" />
    <pinmap designator="4" footprintpin="4" />
    <pinmap designator="5" footprintpin="5" />
    <pinmap designator="6" footprintpin="6" />
    <pinmap designator="7" footprintpin="7" />
    <pinmap designator="8" footprintpin="8" />
    <pinmap designator="9" footprintpin="9" />
    <pinmap designator="10" footprintpin="10" />
    <text name="Datasheet" originx="0" originy="0" style="Default" rotation="0" justify="" flipped="False" hidden="True" data="https://cdn.harwin.com/pdfs/M50-311.pdf" />
    <text name="Description" originx="0" originy="0" style="Default" rotation="0" justify="" flipped="False" hidden="True" data="Headers &amp; Wire Housings 5+5 DIL SMT SKT WITH POST" />
    <text name="Manufacturer_Name" originx="0" originy="0" style="Default" rotation="0" justify="" flipped="False" hidden="True" data="Harwin" />
    <text name="Manufacturer_Part_Number" originx="750" originy="200" style="Default" rotation="0" justify="left" flipped="False" hidden="False" data="M50-3110542" />
    <text name="Mouser Part Number" originx="0" originy="0" style="Default" rotation="0" justify="" flipped="False" hidden="True" data="855-M50-3110542" />
    <text name="Mouser Price/Stock" originx="0" originy="0" style="Default" rotation="0" justify="" flipped="False" hidden="True" data="https://www.mouser.co.uk/ProductDetail/Harwin/M50-3110542?qs=9fQaSFfsqszB0q9gosr4Mg%3D%3D" />
    <text name="Arrow Part Number" originx="0" originy="0" style="Default" rotation="0" justify="" flipped="False" hidden="True" data="" />
    <text name="Arrow Price/Stock" originx="0" originy="0" style="Default" rotation="0" justify="" flipped="False" hidden="True" data="" />
    <text name="Mouser Testing Part Number" originx="0" originy="0" style="Default" rotation="0" justify="" flipped="False" hidden="True" data="" />
    <text name="Mouser Testing Price/Stock" originx="0" originy="0" style="Default" rotation="0" justify="" flipped="False" hidden="True" data="" />
  </component>
</quadcept_library>
