<?xml version="1.0" encoding="utf-8"?>
<!--/758208/966771/2.49/4/4/Connector/-->
<quadcept_library>
  <setting unit="mil" />
  <textstyle name="Default" height="47.244094488189" strokewidth="7.8740157480315" charwidth="47.244094488189" />
  <textstyle name="Dimension" height="19.6850393700787" strokewidth="0" charwidth="19.6850393700787" />
  <textstyle name="H127W0635TH00762" height="50" strokewidth="3" charwidth="25" />
  <textstyle name="H15W15TH02" height="59.0551181102362" strokewidth="7.8740157480315" charwidth="59.0551181102362" />
  <padstyle name="r533_165" surface="True" plated="False" isvia="False" nopaste="False" nomask="True" complex="False" holesize="0">
    <padshape layer="TOP" shape="rectangle" width="64.960629921259" height="209.84251968504" />
    <padshape layer="TOP_SOLDER_MASK" shape="rectangle" width="72.83464566929" height="217.71653543307" />
    <padshape layer="TOP_SOLDER_PASTE" shape="rectangle" width="64.960629921259" height="209.84251968504" />
  </padstyle>
  <padstyle name="c190.5_h381" surface="False" plated="True" isvia="False" nopaste="True" nomask="True" complex="False" holesize="150">
    <padshape layer="TOP" shape="round" width="74.999999999999" height="74.999999999999" />
    <padshape layer="TOP_SOLDER_MASK" shape="round" width="82.87401574803" height="82.87401574803" />
    <padshape layer="INNER" shape="round" width="74.999999999999" height="74.999999999999" />
    <padshape layer="BOTTOM" shape="round" width="74.999999999999" height="74.999999999999" />
    <padshape layer="BOTTOM_SOLDER_MASK" shape="round" width="82.87401574803" height="82.87401574803" />
  </padstyle>
  <footprint name="0015912045" originx="0" originy="0" pickpointx="0" pickpointy="0">
    <pcbpin number="1" name="1" style="r533_165" originx="150" originy="295.07874015748" rotation="0" />
    <pcbpin number="2" name="2" style="r533_165" originx="49.999999999999" originy="295.07874015748" rotation="0" />
    <pcbpin number="3" name="3" style="r533_165" originx="-49.999999999999" originy="295.07874015748" rotation="0" />
    <pcbpin number="4" name="4" style="r533_165" originx="-150" originy="295.07874015748" rotation="0" />
    <pcbpin number="5" name="MH1" style="c190.5_h381" originx="205.11811023622" originy="-125.7874015748" rotation="90" />
    <pcbpin number="6" name="MH2" style="c190.5_h381" originx="-205.11811023622" originy="-125.7874015748" rotation="90" />
    <line layer="TOP_ASSEMBLY" originx="-275.3937007874" originy="240.35433070866" endx="275.3937007874" endy="240.35433070866" width="7.8740157480314" />
    <line layer="TOP_ASSEMBLY" originx="275.3937007874" originy="240.35433070866" endx="275.3937007874" endy="-295.07874015748" width="7.8740157480314" />
    <line layer="TOP_ASSEMBLY" originx="275.3937007874" originy="-295.07874015748" endx="-275.3937007874" endy="-295.07874015748" width="7.8740157480314" />
    <line layer="TOP_ASSEMBLY" originx="-275.3937007874" originy="-295.07874015748" endx="-275.3937007874" endy="240.35433070866" width="7.8740157480314" />
    <line layer="TOP_PLACE_BOUND" originx="-319.48818897637" originy="480.31496062992" endx="319.48818897637" endy="480.31496062992" width="3.9370078740157" />
    <line layer="TOP_PLACE_BOUND" originx="319.48818897637" originy="480.31496062992" endx="319.48818897637" endy="-334.44881889763" width="3.9370078740157" />
    <line layer="TOP_PLACE_BOUND" originx="319.48818897637" originy="-334.44881889763" endx="-319.48818897637" endy="-334.44881889763" width="3.9370078740157" />
    <line layer="TOP_PLACE_BOUND" originx="-319.48818897637" originy="-334.44881889763" endx="-319.48818897637" endy="480.31496062992" width="3.9370078740157" />
    <line layer="TOP_SILKSCREEN" originx="150" originy="433.07086614173" endx="150" endy="433.07086614173" width="7.8740157480314" />
    <arc layer="TOP_SILKSCREEN" originx="150" originy="437.00787401574" startangle="-90.0" sweepangle="180.0" radius="3.9370078740157" width="7.8740157480314" />
    <line layer="TOP_SILKSCREEN" originx="150" originy="440.94488188976" endx="150" endy="440.94488188976" width="7.8740157480314" />
    <arc layer="TOP_SILKSCREEN" originx="150" originy="437.00787401574" startangle="90.0" sweepangle="180.0" radius="3.9370078740157" width="7.8740157480314" />
    <line layer="TOP_SILKSCREEN" originx="205.11811023622" originy="240.35433070866" endx="275.3937007874" endy="240.35433070866" width="3.9370078740157" />
    <line layer="TOP_SILKSCREEN" originx="275.3937007874" originy="240.35433070866" endx="275.5905511811" endy="-59.055118110235" width="3.9370078740157" />
    <line layer="TOP_SILKSCREEN" originx="-196.85039370078" originy="240.35433070866" endx="-275.3937007874" endy="240.35433070866" width="3.9370078740157" />
    <line layer="TOP_SILKSCREEN" originx="-275.3937007874" originy="240.35433070866" endx="-275.3937007874" endy="-59.055118110235" width="3.9370078740157" />
    <line layer="TOP_SILKSCREEN" originx="-275.3937007874" originy="-295.07874015748" endx="275.3937007874" endy="-295.07874015748" width="3.9370078740157" />
  </footprint>
  <symbol name="0015912045" originx="0" originy="0">
    <line originx="200" originy="100" endx="600" endy="100" width="0" />
    <line originx="600" originy="-400" endx="600" endy="100" width="0" />
    <line originx="600" originy="-400" endx="200" endy="-400" width="0" />
    <line originx="200" originy="100" endx="200" endy="-400" width="0" />
    <sympin number="1" originx="200" originy="-300" rotation="180" length="100" width="7.8740157480315" flipped="False">
      <text name="pinname" originx="230" originy="-300" style="Default" rotation="0" justify="left" flipped="False" hidden="False" data="1" />
      <text name="pindes" originx="140" originy="-280" style="Default" rotation="0" justify="lowerright" flipped="False" hidden="False" data="1" />
    </sympin>
    <sympin number="2" originx="200" originy="-200" rotation="180" length="100" width="7.8740157480315" flipped="False">
      <text name="pinname" originx="230" originy="-200" style="Default" rotation="0" justify="left" flipped="False" hidden="False" data="2" />
      <text name="pindes" originx="140" originy="-180" style="Default" rotation="0" justify="lowerright" flipped="False" hidden="False" data="2" />
    </sympin>
    <sympin number="3" originx="200" originy="-100" rotation="180" length="100" width="7.8740157480315" flipped="False">
      <text name="pinname" originx="230" originy="-100" style="Default" rotation="0" justify="left" flipped="False" hidden="False" data="3" />
      <text name="pindes" originx="140" originy="-80" style="Default" rotation="0" justify="lowerright" flipped="False" hidden="False" data="3" />
    </sympin>
    <sympin number="4" originx="200" originy="0" rotation="180" length="100" width="7.8740157480315" flipped="False">
      <text name="pinname" originx="230" originy="0" style="Default" rotation="0" justify="left" flipped="False" hidden="False" data="4" />
      <text name="pindes" originx="140" originy="20" style="Default" rotation="0" justify="lowerright" flipped="False" hidden="False" data="4" />
    </sympin>
  </symbol>
  <component name="0015912045" designatorprefix="J" height="290.55118110236" footprint="0015912045">
    <comppin designator="1" sympin="1" pinswap="0" gateswap="0" gate="1" group="1" side="" type="Any" name="1" />
    <comppin designator="2" sympin="2" pinswap="0" gateswap="0" gate="1" group="1" side="" type="Any" name="2" />
    <comppin designator="3" sympin="3" pinswap="0" gateswap="0" gate="1" group="1" side="" type="Any" name="3" />
    <comppin designator="4" sympin="4" pinswap="0" gateswap="0" gate="1" group="1" side="" type="Any" name="4" />
    <attached_symbol gate="1" name="0015912045" />
    <pinmap designator="1" footprintpin="1" />
    <pinmap designator="2" footprintpin="2" />
    <pinmap designator="3" footprintpin="3" />
    <pinmap designator="4" footprintpin="4" />
    <text name="Datasheet" originx="0" originy="0" style="Default" rotation="0" justify="" flipped="False" hidden="True" data="https://www.molex.com/pdm_docs/sd/015912045_sd.pdf" />
    <text name="Description" originx="0" originy="0" style="Default" rotation="0" justify="" flipped="False" hidden="True" data="2.54mm Pitch SL Wire-to-Board Header, Low Profile, Surface Mount, Single Row, Right-Angle, 3.05mm Pocket, Shrouded, with Press-fit Plastic Peg,  Circuits, Tin (Sn) Plating, Embossed Tape Packaging" />
    <text name="Manufacturer_Name" originx="0" originy="0" style="Default" rotation="0" justify="" flipped="False" hidden="True" data="Molex" />
    <text name="Manufacturer_Part_Number" originx="650" originy="200" style="Default" rotation="0" justify="left" flipped="False" hidden="False" data="0015912045" />
    <text name="Mouser Part Number" originx="0" originy="0" style="Default" rotation="0" justify="" flipped="False" hidden="True" data="N/A" />
    <text name="Mouser Price/Stock" originx="0" originy="0" style="Default" rotation="0" justify="" flipped="False" hidden="True" data="https://www.mouser.co.uk/ProductDetail/Molex/0015912045?qs=PBcRNPEHKsrYE44SDVjptg%3D%3D" />
    <text name="Arrow Part Number" originx="0" originy="0" style="Default" rotation="0" justify="" flipped="False" hidden="True" data="0015912045" />
    <text name="Arrow Price/Stock" originx="0" originy="0" style="Default" rotation="0" justify="" flipped="False" hidden="True" data="https://www.arrow.com/en/products/0015912045/molex?region=nac" />
    <text name="Mouser Testing Part Number" originx="0" originy="0" style="Default" rotation="0" justify="" flipped="False" hidden="True" data="" />
    <text name="Mouser Testing Price/Stock" originx="0" originy="0" style="Default" rotation="0" justify="" flipped="False" hidden="True" data="" />
  </component>
</quadcept_library>
